{
    "nom": {
	"r_ggH_pt200_300": 279.236,
	"r_ggH_pt300_450": 88.607,
	"r_ggH_pt450_inf": 15.428,
	"r_qqH_hww_mjj_1000_Inf": 82.408
    },
    "down": {
        "r_ggH_pt200_300": 0.874780,
        "r_ggH_pt300_450": 0.883657,
        "r_ggH_pt450_inf": 0.897209,
        "r_qqH_hww_mjj_1000_Inf": 0.838635
    },
    "up": {
        "r_ggH_pt200_300": 1.124898,
        "r_ggH_pt300_450": 1.148483,
        "r_ggH_pt450_inf": 1.157402,
        "r_qqH_hww_mjj_1000_Inf":1.142871
    }
}
