{
    "nom": {
	"r_ggH_pt200_300": 279.236,
	"r_ggH_pt300_450": 88.607,
	"r_ggH_pt450_inf": 15.428,
	"r_qqH_hww_mjj_1000_Inf": 82.408
    },
    "down": {
	"r_ggH_pt200_300": 0.949563,
	"r_ggH_pt300_450": 0.949463,
	"r_ggH_pt450_inf": 0.959413,
	"r_qqH_hww_mjj_1000_Inf": 0.993378  
    },
    "up": {
	"r_ggH_pt200_300": 1.050417 ,
	"r_ggH_pt300_450": 1.049162,
	"r_ggH_pt450_inf": 1.046404,
	"r_qqH_hww_mjj_1000_Inf":1.021282 
    }
}
